State,State Code,Year,Year Code,Births
Alabama,1,1995,1995,60329
Alabama,1,1996,1996,60488
Alabama,1,1997,1997,60914
Alabama,1,1998,1998,62074
Alabama,1,1999,1999,62122
Alabama,1,2000,2000,63299
Alabama,1,2001,2001,60454
Alabama,1,2002,2002,58967
Alaska,2,1995,1995,10244
Alaska,2,1996,1996,10037
Alaska,2,1997,1997,9947
Alaska,2,1998,1998,9926
Alaska,2,1999,1999,9950
Alaska,2,2000,2000,9974
Alaska,2,2001,2001,10003
Alaska,2,2002,2002,9938
Arizona,4,1995,1995,72463
Arizona,4,1996,1996,75322
Arizona,4,1997,1997,75699
Arizona,4,1998,1998,78243
Arizona,4,1999,1999,81145
Arizona,4,2000,2000,85273
Arizona,4,2001,2001,85597
Arizona,4,2002,2002,87837
Arkansas,5,1995,1995,35175
Arkansas,5,1996,1996,36371
Arkansas,5,1997,1997,36478
Arkansas,5,1998,1998,36865
Arkansas,5,1999,1999,36729
Arkansas,5,2000,2000,37783
Arkansas,5,2001,2001,37010
Arkansas,5,2002,2002,37437
California,6,1995,1995,552045
California,6,1996,1996,539433
California,6,1997,1997,524840
California,6,1998,1998,521661
California,6,1999,1999,518508
California,6,2000,2000,531959
California,6,2001,2001,527759
California,6,2002,2002,529357
Colorado,8,1995,1995,54332
Colorado,8,1996,1996,55807
Colorado,8,1997,1997,56533
Colorado,8,1998,1998,59577
Colorado,8,1999,1999,62167
Colorado,8,2000,2000,65438
Colorado,8,2001,2001,67007
Colorado,8,2002,2002,68418
Connecticut,9,1995,1995,44334
Connecticut,9,1996,1996,44469
Connecticut,9,1997,1997,43109
Connecticut,9,1998,1998,43820
Connecticut,9,1999,1999,43310
Connecticut,9,2000,2000,43026
Connecticut,9,2001,2001,42648
Connecticut,9,2002,2002,42001
Delaware,10,1995,1995,10266
Delaware,10,1996,1996,10155
Delaware,10,1997,1997,10253
Delaware,10,1998,1998,10578
Delaware,10,1999,1999,10676
Delaware,10,2000,2000,11051
Delaware,10,2001,2001,10749
Delaware,10,2002,2002,11090
District of Columbia,11,1995,1995,9014
District of Columbia,11,1996,1996,8390
District of Columbia,11,1997,1997,7927
District of Columbia,11,1998,1998,7686
District of Columbia,11,1999,1999,7522
District of Columbia,11,2000,2000,7666
District of Columbia,11,2001,2001,7625
District of Columbia,11,2002,2002,7498
Florida,12,1995,1995,188723
Florida,12,1996,1996,189392
Florida,12,1997,1997,192383
Florida,12,1998,1998,195637
Florida,12,1999,1999,197023
Florida,12,2000,2000,204125
Florida,12,2001,2001,205793
Florida,12,2002,2002,205579
Georgia,13,1995,1995,112282
Georgia,13,1996,1996,114043
Georgia,13,1997,1997,118221
Georgia,13,1998,1998,122368
Georgia,13,1999,1999,126717
Georgia,13,2000,2000,132644
Georgia,13,2001,2001,133526
Georgia,13,2002,2002,133300
Hawaii,15,1995,1995,18595
Hawaii,15,1996,1996,18401
Hawaii,15,1997,1997,17393
Hawaii,15,1998,1998,17583
Hawaii,15,1999,1999,17038
Hawaii,15,2000,2000,17551
Hawaii,15,2001,2001,17072
Hawaii,15,2002,2002,17477
Idaho,16,1995,1995,18035
Idaho,16,1996,1996,18625
Idaho,16,1997,1997,18582
Idaho,16,1998,1998,19391
Idaho,16,1999,1999,19872
Idaho,16,2000,2000,20366
Idaho,16,2001,2001,20688
Idaho,16,2002,2002,20970
Illinois,17,1995,1995,185812
Illinois,17,1996,1996,183180
Illinois,17,1997,1997,180803
Illinois,17,1998,1998,182588
Illinois,17,1999,1999,182068
Illinois,17,2000,2000,185036
Illinois,17,2001,2001,184064
Illinois,17,2002,2002,180622
Indiana,18,1995,1995,82835
Indiana,18,1996,1996,83513
Indiana,18,1997,1997,83436
Indiana,18,1998,1998,85122
Indiana,18,1999,1999,86031
Indiana,18,2000,2000,87699
Indiana,18,2001,2001,86459
Indiana,18,2002,2002,85081
Iowa,19,1995,1995,36810
Iowa,19,1996,1996,37139
Iowa,19,1997,1997,36659
Iowa,19,1998,1998,37282
Iowa,19,1999,1999,37558
Iowa,19,2000,2000,38266
Iowa,19,2001,2001,37619
Iowa,19,2002,2002,37559
Kansas,20,1995,1995,37201
Kansas,20,1996,1996,36651
Kansas,20,1997,1997,37289
Kansas,20,1998,1998,38422
Kansas,20,1999,1999,38782
Kansas,20,2000,2000,39666
Kansas,20,2001,2001,38869
Kansas,20,2002,2002,39412
Kentucky,21,1995,1995,52377
Kentucky,21,1996,1996,52706
Kentucky,21,1997,1997,53203
Kentucky,21,1998,1998,54329
Kentucky,21,1999,1999,54403
Kentucky,21,2000,2000,56029
Kentucky,21,2001,2001,54658
Kentucky,21,2002,2002,54233
Louisiana,22,1995,1995,65641
Louisiana,22,1996,1996,65204
Louisiana,22,1997,1997,66025
Louisiana,22,1998,1998,66888
Louisiana,22,1999,1999,67136
Louisiana,22,2000,2000,67898
Louisiana,22,2001,2001,65352
Louisiana,22,2002,2002,64872
Maine,23,1995,1995,13896
Maine,23,1996,1996,13774
Maine,23,1997,1997,13669
Maine,23,1998,1998,13733
Maine,23,1999,1999,13616
Maine,23,2000,2000,13603
Maine,23,2001,2001,13759
Maine,23,2002,2002,13559
Maryland,24,1995,1995,72396
Maryland,24,1996,1996,71533
Maryland,24,1997,1997,70215
Maryland,24,1998,1998,71972
Maryland,24,1999,1999,71967
Maryland,24,2000,2000,74316
Maryland,24,2001,2001,73218
Maryland,24,2002,2002,73323
Massachusetts,25,1995,1995,81648
Massachusetts,25,1996,1996,80276
Massachusetts,25,1997,1997,80364
Massachusetts,25,1998,1998,81411
Massachusetts,25,1999,1999,80939
Massachusetts,25,2000,2000,81614
Massachusetts,25,2001,2001,81077
Massachusetts,25,2002,2002,80645
Michigan,26,1995,1995,134642
Michigan,26,1996,1996,133387
Michigan,26,1997,1997,133714
Michigan,26,1998,1998,133666
Michigan,26,1999,1999,133607
Michigan,26,2000,2000,136171
Michigan,26,2001,2001,133427
Michigan,26,2002,2002,129967
Minnesota,27,1995,1995,63263
Minnesota,27,1996,1996,63700
Minnesota,27,1997,1997,64499
Minnesota,27,1998,1998,65202
Minnesota,27,1999,1999,65970
Minnesota,27,2000,2000,67604
Minnesota,27,2001,2001,67562
Minnesota,27,2002,2002,68025
Mississippi,28,1995,1995,41344
Mississippi,28,1996,1996,40987
Mississippi,28,1997,1997,41533
Mississippi,28,1998,1998,42939
Mississippi,28,1999,1999,42684
Mississippi,28,2000,2000,44075
Mississippi,28,2001,2001,42282
Mississippi,28,2002,2002,41518
Missouri,29,1995,1995,73028
Missouri,29,1996,1996,73832
Missouri,29,1997,1997,74037
Missouri,29,1998,1998,75358
Missouri,29,1999,1999,75432
Missouri,29,2000,2000,76463
Missouri,29,2001,2001,75464
Missouri,29,2002,2002,75251
Montana,30,1995,1995,11142
Montana,30,1996,1996,10856
Montana,30,1997,1997,10849
Montana,30,1998,1998,10795
Montana,30,1999,1999,10785
Montana,30,2000,2000,10957
Montana,30,2001,2001,10970
Montana,30,2002,2002,11049
Nebraska,31,1995,1995,23243
Nebraska,31,1996,1996,23286
Nebraska,31,1997,1997,23319
Nebraska,31,1998,1998,23534
Nebraska,31,1999,1999,23907
Nebraska,31,2000,2000,24646
Nebraska,31,2001,2001,24820
Nebraska,31,2002,2002,25383
Nevada,32,1995,1995,25056
Nevada,32,1996,1996,26125
Nevada,32,1997,1997,26911
Nevada,32,1998,1998,28699
Nevada,32,1999,1999,29362
Nevada,32,2000,2000,30829
Nevada,32,2001,2001,31382
Nevada,32,2002,2002,32571
New Hampshire,33,1995,1995,14665
New Hampshire,33,1996,1996,14520
New Hampshire,33,1997,1997,14313
New Hampshire,33,1998,1998,14429
New Hampshire,33,1999,1999,14041
New Hampshire,33,2000,2000,14609
New Hampshire,33,2001,2001,14656
New Hampshire,33,2002,2002,14442
New Jersey,34,1995,1995,114828
New Jersey,34,1996,1996,114306
New Jersey,34,1997,1997,113279
New Jersey,34,1998,1998,114550
New Jersey,34,1999,1999,114105
New Jersey,34,2000,2000,115632
New Jersey,34,2001,2001,115795
New Jersey,34,2002,2002,114751
New Mexico,35,1995,1995,26920
New Mexico,35,1996,1996,27228
New Mexico,35,1997,1997,26871
New Mexico,35,1998,1998,27318
New Mexico,35,1999,1999,27191
New Mexico,35,2000,2000,27223
New Mexico,35,2001,2001,27128
New Mexico,35,2002,2002,27753
New York,36,1995,1995,271369
New York,36,1996,1996,263963
New York,36,1997,1997,257238
New York,36,1998,1998,258207
New York,36,1999,1999,255612
New York,36,2000,2000,258737
New York,36,2001,2001,254026
New York,36,2002,2002,251415
North Carolina,37,1995,1995,101592
North Carolina,37,1996,1996,104470
North Carolina,37,1997,1997,107015
North Carolina,37,1998,1998,111688
North Carolina,37,1999,1999,113795
North Carolina,37,2000,2000,120311
North Carolina,37,2001,2001,118185
North Carolina,37,2002,2002,117335
North Dakota,38,1995,1995,8476
North Dakota,38,1996,1996,8347
North Dakota,38,1997,1997,8353
North Dakota,38,1998,1998,7932
North Dakota,38,1999,1999,7639
North Dakota,38,2000,2000,7676
North Dakota,38,2001,2001,7629
North Dakota,38,2002,2002,7757
Ohio,39,1995,1995,154064
Ohio,39,1996,1996,151692
Ohio,39,1997,1997,152033
Ohio,39,1998,1998,152794
Ohio,39,1999,1999,152584
Ohio,39,2000,2000,155472
Ohio,39,2001,2001,151570
Ohio,39,2002,2002,148720
Oklahoma,40,1995,1995,45672
Oklahoma,40,1996,1996,46193
Oklahoma,40,1997,1997,48269
Oklahoma,40,1998,1998,49461
Oklahoma,40,1999,1999,49010
Oklahoma,40,2000,2000,49782
Oklahoma,40,2001,2001,50118
Oklahoma,40,2002,2002,50387
Oregon,41,1995,1995,42811
Oregon,41,1996,1996,43658
Oregon,41,1997,1997,43809
Oregon,41,1998,1998,45273
Oregon,41,1999,1999,45204
Oregon,41,2000,2000,45804
Oregon,41,2001,2001,45322
Oregon,41,2002,2002,45192
Pennsylvania,42,1995,1995,151850
Pennsylvania,42,1996,1996,148338
Pennsylvania,42,1997,1997,144224
Pennsylvania,42,1998,1998,145899
Pennsylvania,42,1999,1999,145347
Pennsylvania,42,2000,2000,146281
Pennsylvania,42,2001,2001,143495
Pennsylvania,42,2002,2002,142850
Rhode Island,44,1995,1995,12776
Rhode Island,44,1996,1996,12652
Rhode Island,44,1997,1997,12455
Rhode Island,44,1998,1998,12599
Rhode Island,44,1999,1999,12366
Rhode Island,44,2000,2000,12505
Rhode Island,44,2001,2001,12713
Rhode Island,44,2002,2002,12894
South Carolina,45,1995,1995,50926
South Carolina,45,1996,1996,51117
South Carolina,45,1997,1997,52214
South Carolina,45,1998,1998,53877
South Carolina,45,1999,1999,54948
South Carolina,45,2000,2000,56114
South Carolina,45,2001,2001,55756
South Carolina,45,2002,2002,54570
South Dakota,46,1995,1995,10475
South Dakota,46,1996,1996,10473
South Dakota,46,1997,1997,10173
South Dakota,46,1998,1998,10288
South Dakota,46,1999,1999,10524
South Dakota,46,2000,2000,10345
South Dakota,46,2001,2001,10483
South Dakota,46,2002,2002,10698
Tennessee,47,1995,1995,73173
Tennessee,47,1996,1996,73754
Tennessee,47,1997,1997,74478
Tennessee,47,1998,1998,77396
Tennessee,47,1999,1999,77803
Tennessee,47,2000,2000,79611
Tennessee,47,2001,2001,78340
Tennessee,47,2002,2002,77482
Texas,48,1995,1995,322753
Texas,48,1996,1996,330406
Texas,48,1997,1997,333974
Texas,48,1998,1998,342283
Texas,48,1999,1999,349245
Texas,48,2000,2000,363414
Texas,48,2001,2001,365410
Texas,48,2002,2002,372450
Utah,49,1995,1995,39577
Utah,49,1996,1996,42087
Utah,49,1997,1997,43059
Utah,49,1998,1998,45165
Utah,49,1999,1999,46290
Utah,49,2000,2000,47353
Utah,49,2001,2001,47959
Utah,49,2002,2002,49182
Vermont,50,1995,1995,6783
Vermont,50,1996,1996,6767
Vermont,50,1997,1997,6607
Vermont,50,1998,1998,6582
Vermont,50,1999,1999,6567
Vermont,50,2000,2000,6500
Vermont,50,2001,2001,6366
Vermont,50,2002,2002,6387
Virginia,51,1995,1995,92578
Virginia,51,1996,1996,92354
Virginia,51,1997,1997,91862
Virginia,51,1998,1998,94351
Virginia,51,1999,1999,95469
Virginia,51,2000,2000,98938
Virginia,51,2001,2001,98884
Virginia,51,2002,2002,99672
Washington,53,1995,1995,77228
Washington,53,1996,1996,77945
Washington,53,1997,1997,78190
Washington,53,1998,1998,79663
Washington,53,1999,1999,79586
Washington,53,2000,2000,81036
Washington,53,2001,2001,79570
Washington,53,2002,2002,79028
West Virginia,54,1995,1995,21162
West Virginia,54,1996,1996,20750
West Virginia,54,1997,1997,20730
West Virginia,54,1998,1998,20747
West Virginia,54,1999,1999,20728
West Virginia,54,2000,2000,20865
West Virginia,54,2001,2001,20428
West Virginia,54,2002,2002,20712
Wisconsin,55,1995,1995,67479
Wisconsin,55,1996,1996,67106
Wisconsin,55,1997,1997,66557
Wisconsin,55,1998,1998,67450
Wisconsin,55,1999,1999,68208
Wisconsin,55,2000,2000,69326
Wisconsin,55,2001,2001,69072
Wisconsin,55,2002,2002,68560
Wyoming,56,1995,1995,6261
Wyoming,56,1996,1996,6286
Wyoming,56,1997,1997,6387
Wyoming,56,1998,1998,6252
Wyoming,56,1999,1999,6129
Wyoming,56,2000,2000,6253
Wyoming,56,2001,2001,6115
Wyoming,56,2002,2002,6550
Alabama,1,2003,2003,59552
Alabama,1,2004,2004,59510
Alabama,1,2005,2005,60453
Alabama,1,2006,2006,63232
Alaska,2,2003,2003,10086
Alaska,2,2004,2004,10338
Alaska,2,2005,2005,10459
Alaska,2,2006,2006,10996
Arizona,4,2003,2003,90967
Arizona,4,2004,2004,93663
Arizona,4,2005,2005,96199
Arizona,4,2006,2006,102429
Arkansas,5,2003,2003,37784
Arkansas,5,2004,2004,38573
Arkansas,5,2005,2005,39208
Arkansas,5,2006,2006,40961
California,6,2003,2003,540997
California,6,2004,2004,544843
California,6,2005,2005,548882
California,6,2006,2006,562440
Colorado,8,2003,2003,69339
Colorado,8,2004,2004,68503
Colorado,8,2005,2005,68944
Colorado,8,2006,2006,70751
Connecticut,9,2003,2003,42873
Connecticut,9,2004,2004,42095
Connecticut,9,2005,2005,41718
Connecticut,9,2006,2006,41820
Delaware,10,2003,2003,11329
Delaware,10,2004,2004,11369
Delaware,10,2005,2005,11643
Delaware,10,2006,2006,11989
District of Columbia,11,2003,2003,7619
District of Columbia,11,2004,2004,7933
District of Columbia,11,2005,2005,7971
District of Columbia,11,2006,2006,8523
Florida,12,2003,2003,212250
Florida,12,2004,2004,218053
Florida,12,2005,2005,226240
Florida,12,2006,2006,236802
Georgia,13,2003,2003,135979
Georgia,13,2004,2004,138849
Georgia,13,2005,2005,142200
Georgia,13,2006,2006,148633
Hawaii,15,2003,2003,18100
Hawaii,15,2004,2004,18281
Hawaii,15,2005,2005,17924
Hawaii,15,2006,2006,18982
Idaho,16,2003,2003,21800
Idaho,16,2004,2004,22532
Idaho,16,2005,2005,23062
Idaho,16,2006,2006,24184
Illinois,17,2003,2003,182495
Illinois,17,2004,2004,180778
Illinois,17,2005,2005,179020
Illinois,17,2006,2006,180572
Indiana,18,2003,2003,86434
Indiana,18,2004,2004,87142
Indiana,18,2005,2005,87193
Indiana,18,2006,2006,88631
Iowa,19,2003,2003,38174
Iowa,19,2004,2004,38438
Iowa,19,2005,2005,39311
Iowa,19,2006,2006,40607
Kansas,20,2003,2003,39476
Kansas,20,2004,2004,39669
Kansas,20,2005,2005,39888
Kansas,20,2006,2006,40968
Kentucky,21,2003,2003,55236
Kentucky,21,2004,2004,55720
Kentucky,21,2005,2005,56444
Kentucky,21,2006,2006,58250
Louisiana,22,2003,2003,65040
Louisiana,22,2004,2004,65369
Louisiana,22,2005,2005,60937
Louisiana,22,2006,2006,63376
Maine,23,2003,2003,13855
Maine,23,2004,2004,13944
Maine,23,2005,2005,14112
Maine,23,2006,2006,14151
Maryland,24,2003,2003,74930
Maryland,24,2004,2004,74628
Maryland,24,2005,2005,74980
Maryland,24,2006,2006,77494
Massachusetts,25,2003,2003,80184
Massachusetts,25,2004,2004,78484
Massachusetts,25,2005,2005,76865
Massachusetts,25,2006,2006,77676
Michigan,26,2003,2003,131094
Michigan,26,2004,2004,129776
Michigan,26,2005,2005,127706
Michigan,26,2006,2006,127483
Minnesota,27,2003,2003,70050
Minnesota,27,2004,2004,70624
Minnesota,27,2005,2005,70919
Minnesota,27,2006,2006,73525
Mississippi,28,2003,2003,42380
Mississippi,28,2004,2004,42827
Mississippi,28,2005,2005,42395
Mississippi,28,2006,2006,46056
Missouri,29,2003,2003,77045
Missouri,29,2004,2004,77765
Missouri,29,2005,2005,78618
Missouri,29,2006,2006,81385
Montana,30,2003,2003,11422
Montana,30,2004,2004,11519
Montana,30,2005,2005,11583
Montana,30,2006,2006,12508
Nebraska,31,2003,2003,25917
Nebraska,31,2004,2004,26332
Nebraska,31,2005,2005,26145
Nebraska,31,2006,2006,26727
Nevada,32,2003,2003,33647
Nevada,32,2004,2004,35200
Nevada,32,2005,2005,37268
Nevada,32,2006,2006,40027
New Hampshire,33,2003,2003,14393
New Hampshire,33,2004,2004,14565
New Hampshire,33,2005,2005,14420
New Hampshire,33,2006,2006,14378
New Jersey,34,2003,2003,116983
New Jersey,34,2004,2004,115253
New Jersey,34,2005,2005,113776
New Jersey,34,2006,2006,115020
New Mexico,35,2003,2003,27821
New Mexico,35,2004,2004,28384
New Mexico,35,2005,2005,28835
New Mexico,35,2006,2006,29936
New York,36,2003,2003,253714
New York,36,2004,2004,249947
New York,36,2005,2005,246351
New York,36,2006,2006,250104
North Carolina,37,2003,2003,118323
North Carolina,37,2004,2004,119847
North Carolina,37,2005,2005,123096
North Carolina,37,2006,2006,127859
North Dakota,38,2003,2003,7972
North Dakota,38,2004,2004,8189
North Dakota,38,2005,2005,8390
North Dakota,38,2006,2006,8621
Ohio,39,2003,2003,149679
Ohio,39,2004,2004,148954
Ohio,39,2005,2005,148388
Ohio,39,2006,2006,150593
Oklahoma,40,2003,2003,50981
Oklahoma,40,2004,2004,51306
Oklahoma,40,2005,2005,51801
Oklahoma,40,2006,2006,54016
Oregon,41,2003,2003,45953
Oregon,41,2004,2004,45678
Oregon,41,2005,2005,45922
Oregon,41,2006,2006,48689
Pennsylvania,42,2003,2003,145959
Pennsylvania,42,2004,2004,144748
Pennsylvania,42,2005,2005,145383
Pennsylvania,42,2006,2006,149090
Rhode Island,44,2003,2003,13209
Rhode Island,44,2004,2004,12779
Rhode Island,44,2005,2005,12697
Rhode Island,44,2006,2006,12372
South Carolina,45,2003,2003,55649
South Carolina,45,2004,2004,56590
South Carolina,45,2005,2005,57711
South Carolina,45,2006,2006,62171
South Dakota,46,2003,2003,11027
South Dakota,46,2004,2004,11338
South Dakota,46,2005,2005,11462
South Dakota,46,2006,2006,11919
Tennessee,47,2003,2003,78890
Tennessee,47,2004,2004,79642
Tennessee,47,2005,2005,81747
Tennessee,47,2006,2006,84355
Texas,48,2003,2003,377476
Texas,48,2004,2004,381293
Texas,48,2005,2005,385915
Texas,48,2006,2006,399603
Utah,49,2003,2003,49860
Utah,49,2004,2004,50670
Utah,49,2005,2005,51556
Utah,49,2006,2006,53504
Vermont,50,2003,2003,6589
Vermont,50,2004,2004,6599
Vermont,50,2005,2005,6295
Vermont,50,2006,2006,6511
Virginia,51,2003,2003,101254
Virginia,51,2004,2004,103933
Virginia,51,2005,2005,104555
Virginia,51,2006,2006,107817
Washington,53,2003,2003,80489
Washington,53,2004,2004,81747
Washington,53,2005,2005,82703
Washington,53,2006,2006,86876
West Virginia,54,2003,2003,20935
West Virginia,54,2004,2004,20880
West Virginia,54,2005,2005,20836
West Virginia,54,2006,2006,20931
Wisconsin,55,2003,2003,70040
Wisconsin,55,2004,2004,70146
Wisconsin,55,2005,2005,70984
Wisconsin,55,2006,2006,72340
Wyoming,56,2003,2003,6700
Wyoming,56,2004,2004,6807
Wyoming,56,2005,2005,7239
Wyoming,56,2006,2006,7672
Alabama,1,2007,2007,64804
Alabama,1,2008,2008,64546
Alabama,1,2009,2009,62475
Alabama,1,2010,2010,60050
Alabama,1,2011,2011,59354
Alabama,1,2012,2012,58448
Alabama,1,2013,2013,58167
Alabama,1,2014,2014,59422
Alabama,1,2015,2015,59657
Alabama,1,2016,2016,59151
Alabama,1,2017,2017,58941
Alaska,2,2007,2007,11052
Alaska,2,2008,2008,11442
Alaska,2,2009,2009,11324
Alaska,2,2010,2010,11471
Alaska,2,2011,2011,11456
Alaska,2,2012,2012,11187
Alaska,2,2013,2013,11446
Alaska,2,2014,2014,11392
Alaska,2,2015,2015,11282
Alaska,2,2016,2016,11209
Alaska,2,2017,2017,10445
Arizona,4,2007,2007,102981
Arizona,4,2008,2008,99442
Arizona,4,2009,2009,92798
Arizona,4,2010,2010,87477
Arizona,4,2011,2011,85543
Arizona,4,2012,2012,86441
Arizona,4,2013,2013,85600
Arizona,4,2014,2014,86887
Arizona,4,2015,2015,85351
Arizona,4,2016,2016,84520
Arizona,4,2017,2017,81872
Arkansas,5,2007,2007,41378
Arkansas,5,2008,2008,40669
Arkansas,5,2009,2009,39808
Arkansas,5,2010,2010,38540
Arkansas,5,2011,2011,38715
Arkansas,5,2012,2012,38347
Arkansas,5,2013,2013,37832
Arkansas,5,2014,2014,38511
Arkansas,5,2015,2015,38886
Arkansas,5,2016,2016,38274
Arkansas,5,2017,2017,37520
California,6,2007,2007,566414
California,6,2008,2008,551779
California,6,2009,2009,527020
California,6,2010,2010,510198
California,6,2011,2011,502120
California,6,2012,2012,503755
California,6,2013,2013,494705
California,6,2014,2014,502879
California,6,2015,2015,491748
California,6,2016,2016,488827
California,6,2017,2017,471658
Colorado,8,2007,2007,70809
Colorado,8,2008,2008,70031
Colorado,8,2009,2009,68628
Colorado,8,2010,2010,66355
Colorado,8,2011,2011,65055
Colorado,8,2012,2012,65187
Colorado,8,2013,2013,65007
Colorado,8,2014,2014,65830
Colorado,8,2015,2015,66581
Colorado,8,2016,2016,66613
Colorado,8,2017,2017,64382
Connecticut,9,2007,2007,41660
Connecticut,9,2008,2008,40399
Connecticut,9,2009,2009,38896
Connecticut,9,2010,2010,37708
Connecticut,9,2011,2011,37281
Connecticut,9,2012,2012,36539
Connecticut,9,2013,2013,36085
Connecticut,9,2014,2014,36285
Connecticut,9,2015,2015,35746
Connecticut,9,2016,2016,36015
Connecticut,9,2017,2017,35221
Delaware,10,2007,2007,12170
Delaware,10,2008,2008,12090
Delaware,10,2009,2009,11559
Delaware,10,2010,2010,11364
Delaware,10,2011,2011,11257
Delaware,10,2012,2012,11023
Delaware,10,2013,2013,10831
Delaware,10,2014,2014,10972
Delaware,10,2015,2015,11166
Delaware,10,2016,2016,10992
Delaware,10,2017,2017,10855
District of Columbia,11,2007,2007,8864
District of Columbia,11,2008,2008,9130
District of Columbia,11,2009,2009,9040
District of Columbia,11,2010,2010,9165
District of Columbia,11,2011,2011,9295
District of Columbia,11,2012,2012,9399
District of Columbia,11,2013,2013,9288
District of Columbia,11,2014,2014,9509
District of Columbia,11,2015,2015,9578
District of Columbia,11,2016,2016,9858
District of Columbia,11,2017,2017,9560
Florida,12,2007,2007,239165
Florida,12,2008,2008,231445
Florida,12,2009,2009,221394
Florida,12,2010,2010,214590
Florida,12,2011,2011,213414
Florida,12,2012,2012,213148
Florida,12,2013,2013,215407
Florida,12,2014,2014,219991
Florida,12,2015,2015,224269
Florida,12,2016,2016,225022
Florida,12,2017,2017,223630
Georgia,13,2007,2007,151137
Georgia,13,2008,2008,146603
Georgia,13,2009,2009,141377
Georgia,13,2010,2010,133947
Georgia,13,2011,2011,132409
Georgia,13,2012,2012,130280
Georgia,13,2013,2013,128748
Georgia,13,2014,2014,130946
Georgia,13,2015,2015,131404
Georgia,13,2016,2016,130042
Georgia,13,2017,2017,129243
Hawaii,15,2007,2007,19134
Hawaii,15,2008,2008,19484
Hawaii,15,2009,2009,18887
Hawaii,15,2010,2010,18988
Hawaii,15,2011,2011,18956
Hawaii,15,2012,2012,18980
Hawaii,15,2013,2013,18987
Hawaii,15,2014,2014,18550
Hawaii,15,2015,2015,18420
Hawaii,15,2016,2016,18059
Hawaii,15,2017,2017,17517
Idaho,16,2007,2007,25019
Idaho,16,2008,2008,25149
Idaho,16,2009,2009,23737
Idaho,16,2010,2010,23198
Idaho,16,2011,2011,22305
Idaho,16,2012,2012,22963
Idaho,16,2013,2013,22383
Idaho,16,2014,2014,22876
Idaho,16,2015,2015,22827
Idaho,16,2016,2016,22482
Idaho,16,2017,2017,22181
Illinois,17,2007,2007,180836
Illinois,17,2008,2008,176795
Illinois,17,2009,2009,171163
Illinois,17,2010,2010,165200
Illinois,17,2011,2011,161312
Illinois,17,2012,2012,159160
Illinois,17,2013,2013,156931
Illinois,17,2014,2014,158556
Illinois,17,2015,2015,158116
Illinois,17,2016,2016,154445
Illinois,17,2017,2017,149390
Indiana,18,2007,2007,89864
Indiana,18,2008,2008,88742
Indiana,18,2009,2009,86673
Indiana,18,2010,2010,83940
Indiana,18,2011,2011,83701
Indiana,18,2012,2012,83227
Indiana,18,2013,2013,83102
Indiana,18,2014,2014,84080
Indiana,18,2015,2015,84040
Indiana,18,2016,2016,83091
Indiana,18,2017,2017,82170
Iowa,19,2007,2007,40886
Iowa,19,2008,2008,40224
Iowa,19,2009,2009,39701
Iowa,19,2010,2010,38719
Iowa,19,2011,2011,38214
Iowa,19,2012,2012,38702
Iowa,19,2013,2013,39094
Iowa,19,2014,2014,39687
Iowa,19,2015,2015,39482
Iowa,19,2016,2016,39403
Iowa,19,2017,2017,38430
Kansas,20,2007,2007,42004
Kansas,20,2008,2008,41833
Kansas,20,2009,2009,41396
Kansas,20,2010,2010,40649
Kansas,20,2011,2011,39642
Kansas,20,2012,2012,40341
Kansas,20,2013,2013,38839
Kansas,20,2014,2014,39223
Kansas,20,2015,2015,39154
Kansas,20,2016,2016,38053
Kansas,20,2017,2017,36519
Kentucky,21,2007,2007,59368
Kentucky,21,2008,2008,58375
Kentucky,21,2009,2009,57551
Kentucky,21,2010,2010,55784
Kentucky,21,2011,2011,55370
Kentucky,21,2012,2012,55758
Kentucky,21,2013,2013,55686
Kentucky,21,2014,2014,56170
Kentucky,21,2015,2015,55971
Kentucky,21,2016,2016,55449
Kentucky,21,2017,2017,54752
Louisiana,22,2007,2007,66301
Louisiana,22,2008,2008,65268
Louisiana,22,2009,2009,64973
Louisiana,22,2010,2010,62379
Louisiana,22,2011,2011,61888
Louisiana,22,2012,2012,62642
Louisiana,22,2013,2013,63201
Louisiana,22,2014,2014,64497
Louisiana,22,2015,2015,64692
Louisiana,22,2016,2016,63178
Louisiana,22,2017,2017,61018
Maine,23,2007,2007,14120
Maine,23,2008,2008,13609
Maine,23,2009,2009,13470
Maine,23,2010,2010,12970
Maine,23,2011,2011,12704
Maine,23,2012,2012,12798
Maine,23,2013,2013,12776
Maine,23,2014,2014,12698
Maine,23,2015,2015,12607
Maine,23,2016,2016,12705
Maine,23,2017,2017,12298
Maryland,24,2007,2007,78095
Maryland,24,2008,2008,77289
Maryland,24,2009,2009,75059
Maryland,24,2010,2010,73801
Maryland,24,2011,2011,73093
Maryland,24,2012,2012,72883
Maryland,24,2013,2013,71953
Maryland,24,2014,2014,73921
Maryland,24,2015,2015,73616
Maryland,24,2016,2016,73136
Maryland,24,2017,2017,71641
Massachusetts,25,2007,2007,77967
Massachusetts,25,2008,2008,77022
Massachusetts,25,2009,2009,75016
Massachusetts,25,2010,2010,72865
Massachusetts,25,2011,2011,73166
Massachusetts,25,2012,2012,72439
Massachusetts,25,2013,2013,71788
Massachusetts,25,2014,2014,71908
Massachusetts,25,2015,2015,71492
Massachusetts,25,2016,2016,71317
Massachusetts,25,2017,2017,70702
Michigan,26,2007,2007,125261
Michigan,26,2008,2008,121127
Michigan,26,2009,2009,117294
Michigan,26,2010,2010,114531
Michigan,26,2011,2011,114008
Michigan,26,2012,2012,113091
Michigan,26,2013,2013,113489
Michigan,26,2014,2014,114375
Michigan,26,2015,2015,113312
Michigan,26,2016,2016,113315
Michigan,26,2017,2017,111426
Minnesota,27,2007,2007,73735
Minnesota,27,2008,2008,72421
Minnesota,27,2009,2009,70646
Minnesota,27,2010,2010,68610
Minnesota,27,2011,2011,68409
Minnesota,27,2012,2012,68772
Minnesota,27,2013,2013,69159
Minnesota,27,2014,2014,69904
Minnesota,27,2015,2015,69834
Minnesota,27,2016,2016,69749
Minnesota,27,2017,2017,68595
Mississippi,28,2007,2007,46491
Mississippi,28,2008,2008,44947
Mississippi,28,2009,2009,42901
Mississippi,28,2010,2010,40036
Mississippi,28,2011,2011,39860
Mississippi,28,2012,2012,38669
Mississippi,28,2013,2013,38634
Mississippi,28,2014,2014,38736
Mississippi,28,2015,2015,38394
Mississippi,28,2016,2016,37928
Mississippi,28,2017,2017,37357
Missouri,29,2007,2007,81930
Missouri,29,2008,2008,80963
Missouri,29,2009,2009,78905
Missouri,29,2010,2010,76759
Missouri,29,2011,2011,76117
Missouri,29,2012,2012,75446
Missouri,29,2013,2013,75296
Missouri,29,2014,2014,75360
Missouri,29,2015,2015,75061
Missouri,29,2016,2016,74705
Missouri,29,2017,2017,73034
Montana,30,2007,2007,12439
Montana,30,2008,2008,12594
Montana,30,2009,2009,12257
Montana,30,2010,2010,12060
Montana,30,2011,2011,12069
Montana,30,2012,2012,12118
Montana,30,2013,2013,12377
Montana,30,2014,2014,12432
Montana,30,2015,2015,12583
Montana,30,2016,2016,12282
Montana,30,2017,2017,11799
Nebraska,31,2007,2007,26934
Nebraska,31,2008,2008,26989
Nebraska,31,2009,2009,26936
Nebraska,31,2010,2010,25918
Nebraska,31,2011,2011,25720
Nebraska,31,2012,2012,25942
Nebraska,31,2013,2013,26095
Nebraska,31,2014,2014,26794
Nebraska,31,2015,2015,26679
Nebraska,31,2016,2016,26589
Nebraska,31,2017,2017,25821
Nevada,32,2007,2007,41181
Nevada,32,2008,2008,39506
Nevada,32,2009,2009,37612
Nevada,32,2010,2010,35934
Nevada,32,2011,2011,35296
Nevada,32,2012,2012,34911
Nevada,32,2013,2013,35030
Nevada,32,2014,2014,35861
Nevada,32,2015,2015,36298
Nevada,32,2016,2016,36260
Nevada,32,2017,2017,35756
New Hampshire,33,2007,2007,14168
New Hampshire,33,2008,2008,13683
New Hampshire,33,2009,2009,13377
New Hampshire,33,2010,2010,12874
New Hampshire,33,2011,2011,12851
New Hampshire,33,2012,2012,12352
New Hampshire,33,2013,2013,12396
New Hampshire,33,2014,2014,12302
New Hampshire,33,2015,2015,12433
New Hampshire,33,2016,2016,12267
New Hampshire,33,2017,2017,12116
New Jersey,34,2007,2007,116063
New Jersey,34,2008,2008,112710
New Jersey,34,2009,2009,110331
New Jersey,34,2010,2010,106922
New Jersey,34,2011,2011,105883
New Jersey,34,2012,2012,104230
New Jersey,34,2013,2013,102575
New Jersey,34,2014,2014,103305
New Jersey,34,2015,2015,103127
New Jersey,34,2016,2016,102647
New Jersey,34,2017,2017,101250
New Mexico,35,2007,2007,30616
New Mexico,35,2008,2008,30173
New Mexico,35,2009,2009,29000
New Mexico,35,2010,2010,27850
New Mexico,35,2011,2011,27289
New Mexico,35,2012,2012,27068
New Mexico,35,2013,2013,26354
New Mexico,35,2014,2014,26052
New Mexico,35,2015,2015,25816
New Mexico,35,2016,2016,24692
New Mexico,35,2017,2017,23767
New York,36,2007,2007,253451
New York,36,2008,2008,250383
New York,36,2009,2009,248110
New York,36,2010,2010,244375
New York,36,2011,2011,241312
New York,36,2012,2012,240916
New York,36,2013,2013,236980
New York,36,2014,2014,238773
New York,36,2015,2015,237274
New York,36,2016,2016,234283
New York,36,2017,2017,229737
North Carolina,37,2007,2007,131037
North Carolina,37,2008,2008,130839
North Carolina,37,2009,2009,126845
North Carolina,37,2010,2010,122350
North Carolina,37,2011,2011,120389
North Carolina,37,2012,2012,119831
North Carolina,37,2013,2013,119002
North Carolina,37,2014,2014,120975
North Carolina,37,2015,2015,120843
North Carolina,37,2016,2016,120779
North Carolina,37,2017,2017,120125
North Dakota,38,2007,2007,8840
North Dakota,38,2008,2008,8938
North Dakota,38,2009,2009,9001
North Dakota,38,2010,2010,9104
North Dakota,38,2011,2011,9527
North Dakota,38,2012,2012,10106
North Dakota,38,2013,2013,10599
North Dakota,38,2014,2014,11359
North Dakota,38,2015,2015,11314
North Dakota,38,2016,2016,11383
North Dakota,38,2017,2017,10737
Ohio,39,2007,2007,150879
Ohio,39,2008,2008,148821
Ohio,39,2009,2009,144841
Ohio,39,2010,2010,139128
Ohio,39,2011,2011,137918
Ohio,39,2012,2012,138483
Ohio,39,2013,2013,138936
Ohio,39,2014,2014,139467
Ohio,39,2015,2015,139264
Ohio,39,2016,2016,138085
Ohio,39,2017,2017,136832
Oklahoma,40,2007,2007,55065
Oklahoma,40,2008,2008,54781
Oklahoma,40,2009,2009,54553
Oklahoma,40,2010,2010,53238
Oklahoma,40,2011,2011,52272
Oklahoma,40,2012,2012,52751
Oklahoma,40,2013,2013,53369
Oklahoma,40,2014,2014,53339
Oklahoma,40,2015,2015,53122
Oklahoma,40,2016,2016,52592
Oklahoma,40,2017,2017,50214
Oregon,41,2007,2007,49378
Oregon,41,2008,2008,49096
Oregon,41,2009,2009,47132
Oregon,41,2010,2010,45540
Oregon,41,2011,2011,45155
Oregon,41,2012,2012,45067
Oregon,41,2013,2013,45155
Oregon,41,2014,2014,45556
Oregon,41,2015,2015,45655
Oregon,41,2016,2016,45535
Oregon,41,2017,2017,43631
Pennsylvania,42,2007,2007,150713
Pennsylvania,42,2008,2008,149273
Pennsylvania,42,2009,2009,146434
Pennsylvania,42,2010,2010,143321
Pennsylvania,42,2011,2011,143178
Pennsylvania,42,2012,2012,142514
Pennsylvania,42,2013,2013,140921
Pennsylvania,42,2014,2014,142268
Pennsylvania,42,2015,2015,141047
Pennsylvania,42,2016,2016,139409
Pennsylvania,42,2017,2017,137745
Rhode Island,44,2007,2007,12376
Rhode Island,44,2008,2008,12048
Rhode Island,44,2009,2009,11442
Rhode Island,44,2010,2010,11177
Rhode Island,44,2011,2011,10960
Rhode Island,44,2012,2012,10926
Rhode Island,44,2013,2013,10809
Rhode Island,44,2014,2014,10823
Rhode Island,44,2015,2015,10993
Rhode Island,44,2016,2016,10798
Rhode Island,44,2017,2017,10638
South Carolina,45,2007,2007,62875
South Carolina,45,2008,2008,63071
South Carolina,45,2009,2009,60620
South Carolina,45,2010,2010,58342
South Carolina,45,2011,2011,57393
South Carolina,45,2012,2012,57155
South Carolina,45,2013,2013,56795
South Carolina,45,2014,2014,57627
South Carolina,45,2015,2015,58139
South Carolina,45,2016,2016,57342
South Carolina,45,2017,2017,57029
South Dakota,46,2007,2007,12261
South Dakota,46,2008,2008,12071
South Dakota,46,2009,2009,11934
South Dakota,46,2010,2010,11811
South Dakota,46,2011,2011,11846
South Dakota,46,2012,2012,12104
South Dakota,46,2013,2013,12248
South Dakota,46,2014,2014,12283
South Dakota,46,2015,2015,12336
South Dakota,46,2016,2016,12275
South Dakota,46,2017,2017,12134
Tennessee,47,2007,2007,86711
Tennessee,47,2008,2008,85560
Tennessee,47,2009,2009,82211
Tennessee,47,2010,2010,79495
Tennessee,47,2011,2011,79588
Tennessee,47,2012,2012,80371
Tennessee,47,2013,2013,79992
Tennessee,47,2014,2014,81602
Tennessee,47,2015,2015,81685
Tennessee,47,2016,2016,80807
Tennessee,47,2017,2017,81016
Texas,48,2007,2007,407625
Texas,48,2008,2008,405554
Texas,48,2009,2009,401977
Texas,48,2010,2010,386118
Texas,48,2011,2011,377445
Texas,48,2012,2012,382727
Texas,48,2013,2013,387340
Texas,48,2014,2014,399766
Texas,48,2015,2015,403618
Texas,48,2016,2016,398047
Texas,48,2017,2017,382050
Utah,49,2007,2007,55130
Utah,49,2008,2008,55634
Utah,49,2009,2009,53887
Utah,49,2010,2010,52258
Utah,49,2011,2011,51223
Utah,49,2012,2012,51465
Utah,49,2013,2013,50957
Utah,49,2014,2014,51154
Utah,49,2015,2015,50778
Utah,49,2016,2016,50464
Utah,49,2017,2017,48585
Vermont,50,2007,2007,6513
Vermont,50,2008,2008,6339
Vermont,50,2009,2009,6110
Vermont,50,2010,2010,6223
Vermont,50,2011,2011,6078
Vermont,50,2012,2012,6009
Vermont,50,2013,2013,5975
Vermont,50,2014,2014,6130
Vermont,50,2015,2015,5903
Vermont,50,2016,2016,5756
Vermont,50,2017,2017,5655
Virginia,51,2007,2007,108884
Virginia,51,2008,2008,106686
Virginia,51,2009,2009,105059
Virginia,51,2010,2010,103002
Virginia,51,2011,2011,102652
Virginia,51,2012,2012,103013
Virginia,51,2013,2013,102147
Virginia,51,2014,2014,103300
Virginia,51,2015,2015,103303
Virginia,51,2016,2016,102460
Virginia,51,2017,2017,100391
Washington,53,2007,2007,88978
Washington,53,2008,2008,90321
Washington,53,2009,2009,89313
Washington,53,2010,2010,86539
Washington,53,2011,2011,86976
Washington,53,2012,2012,87463
Washington,53,2013,2013,86577
Washington,53,2014,2014,88585
Washington,53,2015,2015,88990
Washington,53,2016,2016,90505
Washington,53,2017,2017,87562
West Virginia,54,2007,2007,21994
West Virginia,54,2008,2008,21501
West Virginia,54,2009,2009,21268
West Virginia,54,2010,2010,20470
West Virginia,54,2011,2011,20717
West Virginia,54,2012,2012,20827
West Virginia,54,2013,2013,20825
West Virginia,54,2014,2014,20301
West Virginia,54,2015,2015,19805
West Virginia,54,2016,2016,19079
West Virginia,54,2017,2017,18675
Wisconsin,55,2007,2007,72784
Wisconsin,55,2008,2008,72261
Wisconsin,55,2009,2009,70843
Wisconsin,55,2010,2010,68487
Wisconsin,55,2011,2011,67810
Wisconsin,55,2012,2012,67295
Wisconsin,55,2013,2013,66649
Wisconsin,55,2014,2014,67161
Wisconsin,55,2015,2015,67041
Wisconsin,55,2016,2016,66615
Wisconsin,55,2017,2017,64975
Wyoming,56,2007,2007,7893
Wyoming,56,2008,2008,8038
Wyoming,56,2009,2009,7881
Wyoming,56,2010,2010,7556
Wyoming,56,2011,2011,7399
Wyoming,56,2012,2012,7572
Wyoming,56,2013,2013,7644
Wyoming,56,2014,2014,7696
Wyoming,56,2015,2015,7765
Wyoming,56,2016,2016,7386
Wyoming,56,2017,2017,6903